Run,MRE,Time
1,None,None
2,None,None
3,None,None
4,None,None
5,None,None
6,None,None
7,10.071681295422085,0.009796810150146485
8,None,None
9,None,None
10,None,None
11,None,None
12,None,None
13,None,None
14,None,None
15,None,None
16,None,None
17,None,None
18,None,None
19,None,None
20,None,None
21,8.032535795660197,0.010098012288411458
22,None,None
23,None,None
24,None,None
25,8.07399040522605,0.009333638350168864
26,None,None
27,None,None
28,None,None
29,None,None
30,None,None
