Run,MRE,Time
1,None,None
2,None,None
3,None,None
4,None,None
5,None,None
6,None,None
7,None,None
8,None,None
9,None,None
10,15.868266720155034,0.009792248407999674
11,8.132979683914028,0.009461748600006103
12,None,None
13,None,None
14,None,None
15,None,None
16,None,None
17,None,None
18,None,None
19,None,None
20,None,None
21,None,None
22,None,None
23,None,None
24,None,None
25,8.791727391739368,0.009441502888997396
26,None,None
27,8.956297572852737,0.008835105101267497
28,None,None
29,None,None
30,None,None
