Run,MRE,Time
1,None,None
2,None,None
3,None,None
4,None,None
5,None,None
6,None,None
7,None,None
8,None,None
9,None,None
10,13.095504599673095,0.01377713680267334
11,8.318668870050537,0.010204168160756429
12,None,None
13,None,None
14,None,None
15,None,None
16,None,None
17,None,None
18,None,None
19,None,None
20,None,None
21,None,None
22,None,None
23,None,None
24,None,None
25,18.298601833875104,0.010328372319539389
26,None,None
27,6.0090342926344835,0.009963635603586833
28,None,None
29,None,None
30,None,None
