Run,MRE,Time
1,11.116089280387499,0.12392719189325968
2,None,None
3,81.92675908059542,0.1365586479504903
4,29.729236980833136,0.1348366657892863
5,None,None
6,None,None
7,17.778187492438974,0.14468955993652344
8,None,None
9,None,None
10,None,None
11,None,None
12,8.148688313639555,0.1377889315287272
13,None,None
14,None,None
15,None,None
16,None,None
17,None,None
18,None,None
19,None,None
20,None,None
21,None,None
22,None,None
23,None,None
24,None,None
25,None,None
26,None,None
27,None,None
28,None,None
29,None,None
30,None,None
